indicador,resultado
Faturamento total,123027.34
Loja com maior faturamento,Loja Centro
Valor do maior faturamento por loja,40798.28
Loja com maior ticket médio,Loja Centro
Maior ticket médio,2549.89
Produto mais vendido,Mouse
Quantidade do produto mais vendido,71.45
Mês com maior faturamento,04/2025
Valor do maior faturamento mensal,15574.62
Mês com menor faturamento,10/2025
Valor do menor faturamento mensal,6575.0
Região com maior faturamento,Sudeste
Valor do maior faturamento regional,68164.79
